{"seriess": [{"realtime_start": "2019-04-09", "observation_start": "1993-01-01", "last_updated": "2019-04-01 09:16:04-05", "seasonal_adjustment": "Not Seasonally Adjusted", "observation_end": "2019-02-01", "frequency_short": "M", "units_short": "Mil. of $", "popularity": 7, "title": "Total Public Construction Spending", "seasonal_adjustment_short": "NSA", "units": "Millions of Dollars", "id": "TLPBLCON", "frequency": "Monthly", "realtime_end": "2019-04-09", "notes": "Definitions related to the construction data can be found at https://www.census.gov/construction/c30/definitions.html\nMethodology details can be found at https://www.census.gov/construction/c30/methodology.html"}], "realtime_start": "2019-04-09", "realtime_end": "2019-04-09"}